textname,urlname,urllinkedin,textlinkedin,textType,textDescription
https://www.techstars.com/programs/alexa-program/,https://www.techstars.com/programs/alexa-program/,,,Accelerator,
http://www.apel.org,http://www.apel.org,/,/,Accelerator,
http://www.atlasaccelerator.com/,http://www.atlasaccelerator.com/,https://www.linkedin.com/company/atlas-accelerator/,https://www.linkedin.com/company/atlas-accelerator/,Accelerator,
https://boomstartup.com/,https://boomstartup.com/,https://www.linkedin.com/company/boomstartup/,https://www.linkedin.com/company/boomstartup/,Accelerator,
https://fi.co/,https://fi.co/,https://www.linkedin.com/company/the-founder-institute/,https://www.linkedin.com/company/the-founder-institute/,Accelerator,
http://www.fledge.co,http://www.fledge.co,https://www.linkedin.com/company/fledge-accelerator/,https://www.linkedin.com/company/fledge-accelerator/,Accelerator,
https://startups.microsoft.com/en-us/scale-up/,https://startups.microsoft.com/en-us/scale-up/,https://www.linkedin.com/company/microsoft-scaleup-tel-aviv/about/,https://www.linkedin.com/company/microsoft-scaleup-tel-aviv/about/,Accelerator,
http://www.agbizcenter.org/,http://www.agbizcenter.org/,https://www.linkedin.com/company/puget-sound-food-network/,https://www.linkedin.com/company/puget-sound-food-network/,Accelerator,
http://www.nwirc.com,http://www.nwirc.com,https://www.linkedin.com/company/nw-innovation-resource-center/,https://www.linkedin.com/company/nw-innovation-resource-center/,Accelerator,
https://www.oregonrain.org/,https://www.oregonrain.org/,https://www.linkedin.com/company/oregonrain/,https://www.linkedin.com/company/oregonrain/,Accelerator,
http://www.otbc.org,http://www.otbc.org,https://www.linkedin.com/company/oregon-technology-business-center/,https://www.linkedin.com/company/oregon-technology-business-center/,Accelerator,
http://piepdx.com/,http://piepdx.com/,https://www.linkedin.com/company/pie-portland-incubator-experiment-/,https://www.linkedin.com/company/pie-portland-incubator-experiment-/,Accelerator,
"https://www.pdx.edu/accelerator/
","https://www.pdx.edu/accelerator/
",https://www.linkedin.com/school/portland-state-university/,https://www.linkedin.com/school/portland-state-university/,Accelerator,
http://www.starveups.com,http://www.starveups.com,https://www.linkedin.com/company/starve-ups/,https://www.linkedin.com/company/starve-ups/,Accelerator,
https://www.techstars.com/programs/seattle-program/,https://www.techstars.com/programs/seattle-program/,https://www.linkedin.com/company/techstars/,https://www.linkedin.com/company/techstars/,Accelerator,
http://www.founderspad.com,http://www.founderspad.com,https://www.linkedin.com/company/founderspad/,https://www.linkedin.com/company/founderspad/,Accelerator,
http://www.bendvc.com,http://www.bendvc.com,https://www.linkedin.com/company/edcoinfo/,https://www.linkedin.com/company/edcoinfo/,Angel Investment,"The Bend Venture Conference is an annual investment forum for early stage startups in Bend, Oregon. "
https://www.oen.org/angel-food-conference-2019/,https://www.oen.org/angel-food-conference-2019/,https://www.linkedin.com/company/oregon-entrepreneurs-network/,https://www.linkedin.com/company/oregon-entrepreneurs-network/,Angel Investment,
http://www.seattleangelconference.com,http://www.seattleangelconference.com,https://www.linkedin.com/company/seattle-angel-conference/about/,https://www.linkedin.com/company/seattle-angel-conference/about/,Angel Investment,
http://www.9MileLabs.com,http://www.9MileLabs.com,https://www.linkedin.com/company/9mile-labs/,https://www.linkedin.com/company/9mile-labs/,Angel Investment,
http://www.founderscoop.com,http://www.founderscoop.com,https://www.linkedin.com/company/founders-co-op/,https://www.linkedin.com/company/founders-co-op/,Angel Investment,
http://grubstakes.vc/,http://grubstakes.vc/,https://www.linkedin.com/company/grubstakes/,https://www.linkedin.com/company/grubstakes/,Angel Investment,
http://oregonventurefund.com/,http://oregonventurefund.com/,https://www.linkedin.com/company/oregon-angel-fund/,https://www.linkedin.com/company/oregon-angel-fund/,Angel Investment,
http://www.portlandseedfund.com/,http://www.portlandseedfund.com/,https://www.linkedin.com/company/portland-seed-fund/about/,https://www.linkedin.com/company/portland-seed-fund/about/,Angel Investment,
https://seachange.fund/,https://seachange.fund/,https://www.linkedin.com/company/seachangefund/about/,https://www.linkedin.com/company/seachangefund/about/,Angel Investment,
https://www.spokaneangelalliance.com/,https://www.spokaneangelalliance.com/,,,Angel Investment,
http://www.allianceofangels.com,http://www.allianceofangels.com,https://www.linkedin.com/company/alliance-of-angels/,https://www.linkedin.com/company/alliance-of-angels/,Angel Investment,
https://www.cascadeangels.com/,https://www.cascadeangels.com/,,,Angel Investment,
http://www.bellinghamangelinvestors.com/,http://www.bellinghamangelinvestors.com/,,,Angel Investment,
http://www.element8angels.com/,http://www.element8angels.com/,https://www.linkedin.com/company/element-8-angels/,https://www.linkedin.com/company/element-8-angels/,Angel Investment,
https://www.keiretsucapital.com/ ; https://www.k4northwest.com/cpages/homepage,https://www.keiretsucapital.com/ ; https://www.k4northwest.com/cpages/homepage,https://www.linkedin.com/company/keiretsu-capital/,https://www.linkedin.com/company/keiretsu-capital/,Angel Investment,
http://www.pugetsoundvc.com/,http://www.pugetsoundvc.com/,/,/,Angel Investment,
"https://www.seraphgroup.net/
","https://www.seraphgroup.net/
",https://www.linkedin.com/company/seraph-group/,https://www.linkedin.com/company/seraph-group/,Angel Investment,
http://www.zinosociety.com/,http://www.zinosociety.com/,https://www.linkedin.com/company/zino-society/,https://www.linkedin.com/company/zino-society/,Angel Investment,
https://www.boiseangels.com/,https://www.boiseangels.com/,https://www.linkedin.com/company/boise-angel-alliance/,https://www.linkedin.com/company/boise-angel-alliance/,Angel Investment,
http://www.looncreekcapital.com,http://www.looncreekcapital.com,https://www.linkedin.com/company/loon-creek-capital-group/?originalSubdomain=de,https://www.linkedin.com/company/loon-creek-capital-group/?originalSubdomain=de,Angel Investment,
http://ballardlabs.com/,http://ballardlabs.com/,https://www.linkedin.com/company/ballard-labs/,https://www.linkedin.com/company/ballard-labs/,Coworking,
http://www.blackdotseattle.com/,http://www.blackdotseattle.com/,,,Coworking,
https://www.cambiagrove.com/,https://www.cambiagrove.com/,https://www.linkedin.com/company/the-cambia-grove/,https://www.linkedin.com/company/the-cambia-grove/,Coworking,
https://comotion.uw.edu/,https://comotion.uw.edu/,https://www.linkedin.com/company/uwcomotion/,https://www.linkedin.com/company/uwcomotion/,Coworking,
http://www.coworkbox.com/contact.html,http://www.coworkbox.com/contact.html,/,/,Coworking,
,,,,Coworking,
https://fusespc.com/,https://fusespc.com/,https://www.linkedin.com/company/fuse-spc/,https://www.linkedin.com/company/fuse-spc/,Coworking,
https://www.galvanize.com/campuses/seattle,https://www.galvanize.com/campuses/seattle,https://www.linkedin.com/school/galvanize-it/?originalSubdomain=ph,https://www.linkedin.com/school/galvanize-it/?originalSubdomain=ph,Coworking,
https://hhcoworks.org/,https://hhcoworks.org/,https://www.linkedin.com/company/hing-hay-coworks/,https://www.linkedin.com/company/hing-hay-coworks/,Coworking,
https://impacthubseattle.com/,https://impacthubseattle.com/,https://www.linkedin.com/company/impact-hub-seattle/,https://www.linkedin.com/company/impact-hub-seattle/,Coworking,
http://indieballard.com/,http://indieballard.com/,https://www.linkedin.com/company/indie-ballard-llc/,https://www.linkedin.com/company/indie-ballard-llc/,Coworking,
https://www.orangestudios.com/,https://www.orangestudios.com/,https://www.linkedin.com/company/orange-studios-us/,https://www.linkedin.com/company/orange-studios-us/,Coworking,
https://startupspokane.com/coworking/,https://startupspokane.com/coworking/,https://www.linkedin.com/company/startupspokane/,https://www.linkedin.com/company/startupspokane/,Coworking,
https://www.thepioneercollective.com/,https://www.thepioneercollective.com/,https://www.linkedin.com/company/the-pioneer-collective/,https://www.linkedin.com/company/the-pioneer-collective/,Coworking,
http://www.thinkspace.com,http://www.thinkspace.com,https://www.linkedin.com/company/thinkspace/?originalSubdomain=ph,https://www.linkedin.com/company/thinkspace/?originalSubdomain=ph,Coworking,
https://www.vestlink.io/cowork,https://www.vestlink.io/cowork,,,Coworking,
https://www.wework.com/de-DE/labs,https://www.wework.com/de-DE/labs,,,Coworking,
https://www.atlasworkbase.com/,https://www.atlasworkbase.com/,https://www.linkedin.com/company/atlasworkbase/,https://www.linkedin.com/company/atlasworkbase/,Coworking,
http://www.bullittcenter.org/leasing/,http://www.bullittcenter.org/leasing/,https://www.linkedin.com/company/bullitt-foundation/about/,https://www.linkedin.com/company/bullitt-foundation/about/,Coworking,
http://collectiveagency.co/,http://collectiveagency.co/,https://www.linkedin.com/company/collective-agency/,https://www.linkedin.com/company/collective-agency/,Coworking,
https://www.collectivechemistry.com/,https://www.collectivechemistry.com/,,,Coworking,
https://www.sharedesk.net/spaces/view/10692/columbia-collective/,https://www.sharedesk.net/spaces/view/10692/columbia-collective/,,,Coworking,
https://www.clubcorp.com/Clubs/Columbia-Tower-Club/Business-Services/Work-Spaces,https://www.clubcorp.com/Clubs/Columbia-Tower-Club/Business-Services/Work-Spaces,,,Coworking,
https://www.coterieworklounge.com/,https://www.coterieworklounge.com/,https://www.linkedin.com/company/richmond-sparks-llc/,https://www.linkedin.com/company/richmond-sparks-llc/,Coworking,
http://creativeblueprint.ca/,http://creativeblueprint.ca/,/,/,Coworking,
https://www.desktimeapp.com/fellow,https://www.desktimeapp.com/fellow,https://www.linkedin.com/company/deskpass/,https://www.linkedin.com/company/deskpass/,Coworking,
https://heycolab.com/pac-tower,https://heycolab.com/pac-tower,https://www.linkedin.com/company/colab-shared-workspace/,https://www.linkedin.com/company/colab-shared-workspace/,Coworking,
https://www.industriousoffice.com/seattle,https://www.industriousoffice.com/seattle,https://www.linkedin.com/company/industrioushq/,https://www.linkedin.com/company/industrioushq/,Coworking,
https://www.insparkcoworking.com/,https://www.insparkcoworking.com/,https://www.linkedin.com/company/inspark-coworking/?originalSubdomain=il,https://www.linkedin.com/company/inspark-coworking/?originalSubdomain=il,Coworking,
http://www.interbayworklofts.com/,http://www.interbayworklofts.com/,,,Coworking,
https://makersworkspaces.com/,https://makersworkspaces.com/,https://www.linkedin.com/company/makers-workspace/,https://www.linkedin.com/company/makers-workspace/,Coworking,
http://www.meadowcreekbusinesscenter.com/,http://www.meadowcreekbusinesscenter.com/,,,Coworking,
http://www.nedspace.com,http://www.nedspace.com,,,Coworking,
https://www.facebook.com/nonprofitleaderorg/,https://www.facebook.com/nonprofitleaderorg/,,,Coworking,
https://www.northstaroffices.com/,https://www.northstaroffices.com/,,,Coworking,
https://novelcoworking.com/locations/washington/seattle/pioneer-building/,https://novelcoworking.com/locations/washington/seattle/pioneer-building/,https://www.linkedin.com/company/novel-coworking/,https://www.linkedin.com/company/novel-coworking/,Coworking,
https://leveloffice.com/locations/washington/seattle/pioneer-building/,https://leveloffice.com/locations/washington/seattle/pioneer-building/,https://www.linkedin.com/company/novel-coworking/,https://www.linkedin.com/company/novel-coworking/,Coworking,
http://www.officenomads.com,http://www.officenomads.com,https://www.linkedin.com/company/office-nomads/,https://www.linkedin.com/company/office-nomads/,Coworking,
http://www.officexpats.com,http://www.officexpats.com,,,Coworking,
https://onepiecework.com/locations/Seattle,https://onepiecework.com/locations/Seattle,https://www.linkedin.com/company/onepiece-work/,https://www.linkedin.com/company/onepiece-work/,Coworking,
http://plugandplaynw.com,http://plugandplaynw.com,https://www.linkedin.com/company/plug-&-play-northwest/,https://www.linkedin.com/company/plug-&-play-northwest/,Coworking,
https://www.premierworkspaces.com/washington/seattle-downtown,https://www.premierworkspaces.com/washington/seattle-downtown,https://www.linkedin.com/company/premier-workspaces/,https://www.linkedin.com/company/premier-workspaces/,Coworking,
https://psofficesuites.com/,https://psofficesuites.com/,,,Coworking,
https://www.sparkcommons.com/#/,https://www.sparkcommons.com/#/,https://www.linkedin.com/company/sparkcommons/,https://www.linkedin.com/company/sparkcommons/,Coworking,
http://www.surfincubator.com,http://www.surfincubator.com,https://www.linkedin.com/company/surf-incubator/,https://www.linkedin.com/company/surf-incubator/,Coworking,
https://surgecoworking.com/surge-tacoma/,https://surgecoworking.com/surge-tacoma/,https://www.linkedin.com/company/surgetacoma/,https://www.linkedin.com/company/surgetacoma/,Coworking,
https://www.cloudroomseattle.com/,https://www.cloudroomseattle.com/,https://www.linkedin.com/company/the-cloud-room/,https://www.linkedin.com/company/the-cloud-room/,Coworking,
http://thegelbbldg.com/,http://thegelbbldg.com/,,,Coworking,
https://www.theinccoworking.org/,https://www.theinccoworking.org/,https://www.linkedin.com/company/theinccoworking/,https://www.linkedin.com/company/theinccoworking/,Coworking,
http://theoffice.adasbooks.com/,http://theoffice.adasbooks.com/,,,Coworking,
https://www.theriveter.co/,https://www.theriveter.co/,https://www.linkedin.com/company/theriveter/?originalSubdomain=ph,https://www.linkedin.com/company/theriveter/?originalSubdomain=ph,Coworking,
https://www.typesetseattle.com/,https://www.typesetseattle.com/,,,Coworking,
https://unionclubtacoma.com/,https://unionclubtacoma.com/,https://www.linkedin.com/company/union-club-tacoma/,https://www.linkedin.com/company/union-club-tacoma/,Coworking,
https://unionclubtacoma.com/,https://unionclubtacoma.com/,,,Coworking,
https://www.urbanworklofts.com/,https://www.urbanworklofts.com/,https://www.linkedin.com,https://www.linkedin.com,Coworking,
http://www.vybehub.com/coworking,http://www.vybehub.com/coworking,,,Coworking,
http://www.westseattlecoworking.com/,http://www.westseattlecoworking.com/,,,Coworking,
https://www.wework.com/de-DE/l/seattle--WA?utm_campaign=1636285633&utm_term=64077595593&utm_content=342950603880&utm_source=ads-google&utm_medium=cpc&gclsrc=aw.ds&&gclid=Cj0KCQjwxYLoBRCxARIsAEf16-ttQmBil0hmLu8D34VqOEG-Y2YxHaQPMHZLmGdATbgdF6O_5Pzl1A4aAuJ7EALw_wcB&gclsrc=aw.ds,https://www.wework.com/de-DE/l/seattle--WA?utm_campaign=1636285633&utm_term=64077595593&utm_content=342950603880&utm_source=ads-google&utm_medium=cpc&gclsrc=aw.ds&&gclid=Cj0KCQjwxYLoBRCxARIsAEf16-ttQmBil0hmLu8D34VqOEG-Y2YxHaQPMHZLmGdATbgdF6O_5Pzl1A4aAuJ7EALw_wcB&gclsrc=aw.ds,https://www.linkedin.com/company/wework/?originalSubdomain=ph,https://www.linkedin.com/company/wework/?originalSubdomain=ph,Coworking,
https://www.leavenworthworkspace.com/,https://www.leavenworthworkspace.com/,,,Coworking,
http://www.worksprogressseattle.com/en,http://www.worksprogressseattle.com/en,https://www.linkedin.com/company/works-progress-seattle/,https://www.linkedin.com/company/works-progress-seattle/,Coworking,
https://extraslice.com/,https://extraslice.com/,https://www.linkedin.com/company/extraslice/,https://www.linkedin.com/company/extraslice/,"Coworking, Incubator",
https://mergertech.com/,https://mergertech.com/,https://www.linkedin.com/company/mergertech-advisors/about/,https://www.linkedin.com/company/mergertech-advisors/about/,Entrepreneurs Support Orga,
http://www.metricstory.com#sthash.mmvTaFtc.dpuf,http://www.metricstory.com#sthash.mmvTaFtc.dpuf,https://www.linkedin.com/company/metricstory/,https://www.linkedin.com/company/metricstory/,Entrepreneurs Support Orga,
http://www.redwoodvaluation.com/,http://www.redwoodvaluation.com/,,,Entrepreneurs Support Orga,
http://www.cleantechalliance.org/,http://www.cleantechalliance.org/,https://www.linkedin.com/company/washington-clean-technology-alliance/,https://www.linkedin.com/company/washington-clean-technology-alliance/,Entrepreneurs Support Orga,
http://codersociety.org/,http://codersociety.org/,,,Entrepreneurs Support Orga,
http://codersociety.org/,http://codersociety.org/,,,Entrepreneurs Support Orga,
https://spring.is/,https://spring.is/,https://www.linkedin.com/company/spring-is/,https://www.linkedin.com/company/spring-is/,Entrepreneurs Support Orga,
http://foster.uw.edu/centers/buerk-ctr-entrepreneurship/,http://foster.uw.edu/centers/buerk-ctr-entrepreneurship/,,,Entrepreneurs Support Orga,
http://www.seattletechstartups.com,http://www.seattletechstartups.com,,,Entrepreneurs Support Orga,
http://www.washbio.org,http://www.washbio.org,https://www.linkedin.com/company/life-science-washington/,https://www.linkedin.com/company/life-science-washington/,Entrepreneurs Support Orga,
http://bctia.org/,http://bctia.org/,https://www.linkedin.com/company/bctech/,https://www.linkedin.com/company/bctech/,Entrepreneurs Support Orga,
http://www.tagnw.org,http://www.tagnw.org,https://www.linkedin.com/company/tagnw/,https://www.linkedin.com/company/tagnw/,Entrepreneurs Support Orga,
http://www.techoregon.org/,http://www.techoregon.org/,https://www.linkedin.com/company/technology-association-of-oregon/,https://www.linkedin.com/company/technology-association-of-oregon/,Entrepreneurs Support Orga,
http://www.wacleantech.org/,http://www.wacleantech.org/,https://www.linkedin.com/company/washington-clean-technology-alliance/,https://www.linkedin.com/company/washington-clean-technology-alliance/,Entrepreneurs Support Orga,
http://www.washingtontechnology.org/,http://www.washingtontechnology.org/,https://www.linkedin.com/company/15365/,https://www.linkedin.com/company/15365/,Entrepreneurs Support Orga,
https://www.law.washington.edu/clinics/entrepreneurial/,https://www.law.washington.edu/clinics/entrepreneurial/,https://www.linkedin.com/school/university-of-washington-school-of-law/,https://www.linkedin.com/school/university-of-washington-school-of-law/,Entrepreneurs Support Orga,
http://www.camps-us.com/,http://www.camps-us.com/,https://www.linkedin.com/company/the-center-for-advanced-manufacturing-puget-sound/,https://www.linkedin.com/company/the-center-for-advanced-manufacturing-puget-sound/,Entrepreneurs Support Orga,
http://www.wsbdc.org/,http://www.wsbdc.org/,https://www.linkedin.com/company/wsbdc/,https://www.linkedin.com/company/wsbdc/,Entrepreneurs Support Orga,
https://bellingham.score.org/,https://bellingham.score.org/,https://www.linkedin.com/company/score-mentors/,https://www.linkedin.com/company/score-mentors/,Entrepreneurs Support Orga,
https://igniteseattle.com/,https://igniteseattle.com/,/,/,Entrepreneurs Support Orga,
https://startuphaven.com/,https://startuphaven.com/,https://www.linkedin.com/company/startup-haven,https://www.linkedin.com/company/startup-haven,Entrepreneurs Support Orga,
http://www.newtechnorthwest.com/,http://www.newtechnorthwest.com/,https://www.linkedin.com/company/newtechnorthwest/,https://www.linkedin.com/company/newtechnorthwest/,Entrepreneurs Support Orga,
http://spu.edu/academics/school-of-business-and-economics/center-for-applied-learning/social-venture,http://spu.edu/academics/school-of-business-and-economics/center-for-applied-learning/social-venture,/,/,Entrepreneurs Support Orga,
http://www.svpseattle.org/,http://www.svpseattle.org/,https://www.linkedin.com/groups/2886428/,https://www.linkedin.com/groups/2886428/,Entrepreneurs Support Orga,
venturesnonprofit.org,venturesnonprofit.org,https://www.linkedin.com/company/washington-c-a-s-h-community-alliance-for-self-help-/?trk=company_logo,https://www.linkedin.com/company/washington-c-a-s-h-community-alliance-for-self-help-/?trk=company_logo,Entrepreneurs Support Orga,
https://bcorporation.net/,https://bcorporation.net/,https://www.linkedin.com/company/b-lab/,https://www.linkedin.com/company/b-lab/,Entrepreneurs Support Orga,
https://businessimpactnw.org/services/wwbc/,https://businessimpactnw.org/services/wwbc/,https://www.linkedin.com/company/business-impact-nw,https://www.linkedin.com/company/business-impact-nw,Entrepreneurs Support Orga,
http://www.growutah.com/,http://www.growutah.com/,https://www.linkedin.com/company/grow-utah/,https://www.linkedin.com/company/grow-utah/,Entrepreneurs Support Orga,
http://lswinstitute.org,http://lswinstitute.org,https://www.linkedin.com/company/life-science-washington-institute/,https://www.linkedin.com/company/life-science-washington-institute/,Entrepreneurs Support Orga,
https://mic.comotion.uw.edu/#,https://mic.comotion.uw.edu/#,,,Entrepreneurs Support Orga,
http://nationalscience.org/,http://nationalscience.org/,https://www.linkedin.com/company/national-science-communication-institute/?trk=top_nav_home,https://www.linkedin.com/company/national-science-communication-institute/?trk=top_nav_home,Entrepreneurs Support Orga,
http://www.cie-nw.org/,http://www.cie-nw.org/,/,/,Entrepreneurs Support Orga,
http://www.seattle.gov/economicdevelopment,http://www.seattle.gov/economicdevelopment,,,Entrepreneurs Support Orga,
https://www.seattleu.edu/business/centers-and-programs/iec/,https://www.seattleu.edu/business/centers-and-programs/iec/,/,/,Entrepreneurs Support Orga,
https://www.technology-alliance.com/,https://www.technology-alliance.com/,https://www.linkedin.com/company/technology-alliance/,https://www.linkedin.com/company/technology-alliance/,Entrepreneurs Support Orga,
https://www.vancouvereconomic.com/help/,https://www.vancouvereconomic.com/help/,https://www.linkedin.com/company/vancouver-economic-development-commission/,https://www.linkedin.com/company/vancouver-economic-development-commission/,Entrepreneurs Support Orga,
http://www.wsbdc.org/,http://www.wsbdc.org/,,,Entrepreneurs Support Orga,
http://www.oen.org,http://www.oen.org,https://www.linkedin.com/company/oregon-entrepreneurs-network/,https://www.linkedin.com/company/oregon-entrepreneurs-network/,"Entrepreneurs Support Orga
",
http://www.founderdating.com,http://www.founderdating.com,https://www.linkedin.com/company/founderdating/,https://www.linkedin.com/company/founderdating/,"Entrepreneurs Support Orga
",
https://femalefounders.org/,https://femalefounders.org/,https://www.linkedin.com/company/female-founders-alliance/,https://www.linkedin.com/company/female-founders-alliance/,"Entrepreneurs Support Orga, Accelerator",
http://oregon.tie.org,http://oregon.tie.org,,,"Entrepreneurs Support Orga, Angel Investment
",
http://seattle.tie.org,http://seattle.tie.org,https://www.linkedin.com/company/tie-seattle/,https://www.linkedin.com/company/tie-seattle/,"Entrepreneurs Support Orga, Angel Investment
",
https://www.psl.com/,https://www.psl.com/,https://www.linkedin.com/company/pioneer-square-labs/,https://www.linkedin.com/company/pioneer-square-labs/,"Generator, Venture Capital",
http://accpnw.com/,http://accpnw.com/,https://www.linkedin.com/company/african-chamber-of-commerce-of-the-pacific-northwest/,https://www.linkedin.com/company/african-chamber-of-commerce-of-the-pacific-northwest/,Government Support Agency,
http://www.edc-seaking.org/,http://www.edc-seaking.org/,https://www.linkedin.com/company/edcseattleking/,https://www.linkedin.com/company/edcseattleking/,Government Support Agency,
http://www.bcic.ca/,http://www.bcic.ca/,https://www.linkedin.com/company/innovatebc/,https://www.linkedin.com/company/innovatebc/,Government Support Agency,
http://www.washingtonptac.org/,http://www.washingtonptac.org/,https://www.linkedin.com/company/washington-ptac/,https://www.linkedin.com/company/washington-ptac/,Government Support Agency,
http://www.export.gov/washington,http://www.export.gov/washington,/,/,Government Support Agency,
https://www.mbda.gov/,https://www.mbda.gov/,https://www.linkedin.com/company/usmbda/,https://www.linkedin.com/company/usmbda/,Government Support Agency,
www.intellectualventures.com,www.intellectualventures.com,https://www.linkedin.com/company/intellectual-ventures/,https://www.linkedin.com/company/intellectual-ventures/,Incubator,
http://www.kenmorewa.gov/KBI,http://www.kenmorewa.gov/KBI,,,Incubator,
https://www.launchacademy.ca/,https://www.launchacademy.ca/,https://www.linkedin.com/company/launchacademyhq/,https://www.linkedin.com/company/launchacademyhq/,Incubator,
http://www.mercurymedtech.com,http://www.mercurymedtech.com,,,Incubator,
https://mbrcslcc.com/,https://mbrcslcc.com/,/,/,Incubator,
http://washingtoninteractivenetwork.org/,http://washingtoninteractivenetwork.org/,https://www.linkedin.com/company/washington-interactive-network/,https://www.linkedin.com/company/washington-interactive-network/,Incubator,
http://www.onami.us,http://www.onami.us,,,"Incubator
",
http://www.otradi.org,http://www.otradi.org,https://www.linkedin.com/company/otradi-&-otradi-bioscience-incubator/,https://www.linkedin.com/company/otradi-&-otradi-bioscience-incubator/,"Incubator
",
https://vertuelab.org/,https://vertuelab.org/,https://www.linkedin.com/company/vertuelab/,https://www.linkedin.com/company/vertuelab/,"Incubator
",
http://www.seedip.com/,http://www.seedip.com/,https://www.linkedin.com/company/seed-ip-law-group/,https://www.linkedin.com/company/seed-ip-law-group/,Legal Firm,
https://www.wsgr.com/WSGR/Default.aspx,https://www.wsgr.com/WSGR/Default.aspx,https://www.linkedin.com/company/wilson-sonsini-goodrich-&-rosati,https://www.linkedin.com/company/wilson-sonsini-goodrich-&-rosati,Legal Firm,
https://fablabtacoma.com/,https://fablabtacoma.com/,/,/,Makerspace,
https://kcls.org/makerspace/,https://kcls.org/makerspace/,,,Makerspace,
http://www.metrixcreatespace.com/,http://www.metrixcreatespace.com/,https://www.linkedin.com/company/metrix-create-space/about/,https://www.linkedin.com/company/metrix-create-space/about/,Makerspace,
http://www.phinneysandbox.com/welcome.html,http://www.phinneysandbox.com/welcome.html,,,Makerspace,
http://sodomakerspace.com/,http://sodomakerspace.com/,,,Makerspace,
https://sound.bio/,https://sound.bio/,https://www.linkedin.com/company/soundbio/,https://www.linkedin.com/company/soundbio/,Makerspace,
http://comotion.uw.edu/makerspace,http://comotion.uw.edu/makerspace,https://www.linkedin.com/school/university-of-washington/,https://www.linkedin.com/school/university-of-washington/,Makerspace,
https://www.geekwire.com/,https://www.geekwire.com/,https://www.linkedin.com/company/geekwire/?originalSubdomain=de,https://www.linkedin.com/company/geekwire/?originalSubdomain=de,Media,
https://www.bizjournals.com/seattle/,https://www.bizjournals.com/seattle/,https://www.linkedin.com/company/puget-sound-business-journal/,https://www.linkedin.com/company/puget-sound-business-journal/,Media,
https://www.stratnews.com/about/,https://www.stratnews.com/about/,https://www.linkedin.com/company/strategic-news-service/about/,https://www.linkedin.com/company/strategic-news-service/about/,Media,
https://www.seattletimes.com/,https://www.seattletimes.com/,https://www.linkedin.com/company/the-seattle-times/,https://www.linkedin.com/company/the-seattle-times/,Media,
https://www.underwire.works/,https://www.underwire.works/,https://www.linkedin.com/company/underwire-media/,https://www.linkedin.com/company/underwire-media/,Media,
https://www.k2.com/,https://www.k2.com/,https://www.linkedin.com/company/k2/,https://www.linkedin.com/company/k2/,Networking,
http://activspace.com/,http://activspace.com/,https://www.linkedin.com/company/activspace/,https://www.linkedin.com/company/activspace/,Office Rental,
https://www.regus.com/locations/united-states/washington/seattle/washington-seattle-columbia-center,https://www.regus.com/locations/united-states/washington/seattle/washington-seattle-columbia-center,https://www.linkedin.com/company/regus/,https://www.linkedin.com/company/regus/,Office Rental,
https://curious.vc/,https://curious.vc/,https://www.linkedin.com/company/curiouscapital/about/,https://www.linkedin.com/company/curiouscapital/about/,Venture Capital,
https://www.accel.com/,https://www.accel.com/,https://www.linkedin.com/company/accel-vc/,https://www.linkedin.com/company/accel-vc/,Venture Capital,
https://www.altitudelsv.com/,https://www.altitudelsv.com/,https://www.linkedin.com/company/altitude-life-science-ventures/,https://www.linkedin.com/company/altitude-life-science-ventures/,Venture Capital,
https://www.avgfunds.com/,https://www.avgfunds.com/,https://www.linkedin.com/company/avgfunds/,https://www.linkedin.com/company/avgfunds/,Venture Capital,
https://www.angelmd.co/en/,https://www.angelmd.co/en/,https://www.linkedin.com/company/angelmd/about/,https://www.linkedin.com/company/angelmd/about/,Venture Capital,
https://www.archventure.com/,https://www.archventure.com/,https://www.linkedin.com/company/arch-venture-partners/about/,https://www.linkedin.com/company/arch-venture-partners/about/,Venture Capital,
https://www.bvp.com/,https://www.bvp.com/,https://www.linkedin.com/company/bessemer-venture-partners/,https://www.linkedin.com/company/bessemer-venture-partners/,Venture Capital,
https://biomaticscapital.com/,https://biomaticscapital.com/,,,Venture Capital,
https://capitalg.com/,https://capitalg.com/,https://www.linkedin.com/company/capitalg/?originalSubdomain=de,https://www.linkedin.com/company/capitalg/?originalSubdomain=de,Venture Capital,
www.cascadiacapital.com,www.cascadiacapital.com,https://www.linkedin.com/company/cascadia-capital/,https://www.linkedin.com/company/cascadia-capital/,Venture Capital,
http://cronusventures.com/,http://cronusventures.com/,,,Venture Capital,
https://www.crosscreek.vc/,https://www.crosscreek.vc/,https://www.linkedin.com/company/cross-creek-advisors-llc/,https://www.linkedin.com/company/cross-creek-advisors-llc/,Venture Capital,
http://divergent.com,http://divergent.com,https://www.linkedin.com/company/divergent-ventures/,https://www.linkedin.com/company/divergent-ventures/,Venture Capital,
https://www.echohealthventures.com/,https://www.echohealthventures.com/,https://www.linkedin.com/company/echo-health-ventures/,https://www.linkedin.com/company/echo-health-ventures/,Venture Capital,
http://elevate.vc/,http://elevate.vc/,,,Venture Capital,
http://www.flukeventures.com,http://www.flukeventures.com,,,Venture Capital,
http://www.flyingfish.vc,http://www.flyingfish.vc,https://www.linkedin.com/company/flyingfishpartners/,https://www.linkedin.com/company/flyingfishpartners/,Venture Capital,
https://foundersfund.com/,https://foundersfund.com/,https://www.linkedin.com/company/the-founders-fund/,https://www.linkedin.com/company/the-founders-fund/,Venture Capital,
https://www.frazierhealthcare.com/life-sciences,https://www.frazierhealthcare.com/life-sciences,https://www.linkedin.com/company/frazier-healthcare-partners,https://www.linkedin.com/company/frazier-healthcare-partners,Venture Capital,
https://www.fuelcapital.com/,https://www.fuelcapital.com/,https://www.linkedin.com/company/fuel-capital/about/,https://www.linkedin.com/company/fuel-capital/about/,Venture Capital,
http://www.ignitionpartners.com,http://www.ignitionpartners.com,https://www.linkedin.com/company/ignition-partners,https://www.linkedin.com/company/ignition-partners,Venture Capital,
https://www.intel.com/content/www/us/en/intel-capital/overview.html,https://www.intel.com/content/www/us/en/intel-capital/overview.html,https://www.linkedin.com/company/intel-corporation/,https://www.linkedin.com/company/intel-corporation/,Venture Capital,
https://www.keelerinvestments.com/,https://www.keelerinvestments.com/,,,Venture Capital,
https://www.kickstartseedfund.com/,https://www.kickstartseedfund.com/,https://www.linkedin.com/company/kickstart-seed-fund/,https://www.linkedin.com/company/kickstart-seed-fund/,Venture Capital,
http://liquid2.vc/,http://liquid2.vc/,https://www.linkedin.com/company/liquid-2-ventures/about/,https://www.linkedin.com/company/liquid-2-ventures/about/,Venture Capital,
http://www.madrona.com,http://www.madrona.com,https://www.linkedin.com/company/madrona-venture-group/,https://www.linkedin.com/company/madrona-venture-group/,Venture Capital,
http://www.maveron.com,http://www.maveron.com,https://www.linkedin.com/company/maveron-llc/,https://www.linkedin.com/company/maveron-llc/,Venture Capital,
https://www.mayfield.com/,https://www.mayfield.com/,https://www.linkedin.com/company/mayfield-fund/,https://www.linkedin.com/company/mayfield-fund/,Venture Capital,
https://www.menlovc.com/,https://www.menlovc.com/,https://www.linkedin.com/company/menlo-ventures/?originalSubdomain=de,https://www.linkedin.com/company/menlo-ventures/?originalSubdomain=de,Venture Capital,
https://www.meritechcapital.com/,https://www.meritechcapital.com/,https://www.linkedin.com/company/meritech-capital-partners/about/,https://www.linkedin.com/company/meritech-capital-partners/about/,Venture Capital,
http://www.montlakecapital.com/,http://www.montlakecapital.com/,https://www.linkedin.com/company/montlake-capital/,https://www.linkedin.com/company/montlake-capital/,Venture Capital,
http://www.pallasiteventures.com/,http://www.pallasiteventures.com/,https://www.linkedin.com/company/pallasite-ventures-inc/about/,https://www.linkedin.com/company/pallasite-ventures-inc/about/,Venture Capital,
http://peninsulaventures.com/,http://peninsulaventures.com/,https://www.linkedin.com/company/peninsula-ventures/,https://www.linkedin.com/company/peninsula-ventures/,Venture Capital,
http://www.providenceventures.org/,http://www.providenceventures.org/,,,Venture Capital,
http://roguevp.com/,http://roguevp.com/,https://www.linkedin.com/company/rogue-venture-partners/about/,https://www.linkedin.com/company/rogue-venture-partners/about/,Venture Capital,
https://sapphireventures.com/,https://sapphireventures.com/,https://www.linkedin.com/company/sapphirevc/?originalSubdomain=de,https://www.linkedin.com/company/sapphirevc/?originalSubdomain=de,Venture Capital,
http://www.secondave.com/,http://www.secondave.com/,,,Venture Capital,
https://www.sequoiacap.com/,https://www.sequoiacap.com/,https://www.linkedin.com/company/sequoia/,https://www.linkedin.com/company/sequoia/,Venture Capital,
http://sevenpeaksventures.com/,http://sevenpeaksventures.com/,https://www.linkedin.com/company/seven-peaks-ventures/,https://www.linkedin.com/company/seven-peaks-ventures/,Venture Capital,
https://shastaventures.com/,https://shastaventures.com/,https://www.linkedin.com/company/shasta-ventures/?originalSubdomain=de,https://www.linkedin.com/company/shasta-ventures/?originalSubdomain=de,Venture Capital,
http://springrockventures.com/,http://springrockventures.com/,,,Venture Capital,
https://www.swanventurefund.com/,https://www.swanventurefund.com/,,,Venture Capital,
https://threshold.vc/,https://threshold.vc/,,,Venture Capital,
https://www.tolacapital.com/,https://www.tolacapital.com/,,,Venture Capital,
https://trilogyequity.com/,https://trilogyequity.com/,https://www.linkedin.com/company/trilogy-equity-partners-llc/,https://www.linkedin.com/company/trilogy-equity-partners-llc/,Venture Capital,
https://trinityventures.com/#,https://trinityventures.com/#,https://www.linkedin.com/company/trinity-ventures/,https://www.linkedin.com/company/trinity-ventures/,Venture Capital,
https://trueventures.com/,https://trueventures.com/,https://www.linkedin.com/company/true-ventures/?originalSubdomain=de,https://www.linkedin.com/company/true-ventures/?originalSubdomain=de,Venture Capital,
https://twosigmaventures.com/,https://twosigmaventures.com/,https://www.linkedin.com/company/two-sigma-ventures/?originalSubdomain=de,https://www.linkedin.com/company/two-sigma-ventures/?originalSubdomain=de,Venture Capital,
https://unlockvp.com/philosophy/,https://unlockvp.com/philosophy/,https://www.linkedin.com/company/unlock-venture-partners/about/,https://www.linkedin.com/company/unlock-venture-partners/about/,Venture Capital,
http://versionone.vc/,http://versionone.vc/,https://www.linkedin.com/company/version-one-ventures/,https://www.linkedin.com/company/version-one-ventures/,Venture Capital,
http://www.voyagercapital.com,http://www.voyagercapital.com,https://www.linkedin.com/company/voyager-capital,https://www.linkedin.com/company/voyager-capital,Venture Capital,
http://wrfseattle.org/wrf-capital.php,http://wrfseattle.org/wrf-capital.php,https://www.linkedin.com/company/washington-research-foundation/,https://www.linkedin.com/company/washington-research-foundation/,Venture Capital,
https://z5catalyst.com/,https://z5catalyst.com/,https://www.linkedin.com/company/z5-catalyst/about/,https://www.linkedin.com/company/z5-catalyst/about/,Venture Capital,
https://kernellabs.io/,https://kernellabs.io/,,,,
http://signalrockcapital.com,http://signalrockcapital.com,,,,
https://www.startup425.org/,https://www.startup425.org/,,,,
http://wsbdc.org,http://wsbdc.org,,,,
http://pipelineangels.com/,http://pipelineangels.com/,,,,
https://vashonpartners.com/,https://vashonpartners.com/,,,,
http://cronusventures.com/,http://cronusventures.com/,,,,
https://thewomensinvestmentnetwork.com/,https://thewomensinvestmentnetwork.com/,,,,
http://medtechwings.com/,http://medtechwings.com/,,,Angel ,
,,,,Coworking ,